Cas,Name,Downloaded,Found_by,No_of_downloads, Done_by
919005-16-6,"2,2,3,5,5,6,6,8,8,10,10,12,12,12-Tetradecafluoro-4,7,9,11-tetraoxadodecanoic acid",FALSE, ,0, 
919005-17-7,"2,2,3,5,5,6,6,8,8,10,10,12,12,14,14,14-Hexadecafluoro-4,7,9,11,13-pentaoxatetradecanoic acid",FALSE, ,0, 
919005-18-8,"2,3,3-Trifluoro-3-(trifluoromethoxy)propanoic acid",FALSE, ,0, 
919005-19-9,"2,3,3-Trifluoro-3-(heptafluoropropoxy)propanoic acid",FALSE, ,0, 
919005-20-2,"2,3,3-Trifluoro-3-[perfluoro-3-(methoxy)propoxy]propanoic acid",FALSE, ,0, 
919005-21-3,"3-[2-[Difluoro(trifluoromethoxy)methoxy]-1,1,2,2-tetrafluoroethoxy]-2,3,3-trifluoropropanoic
acid",FALSE, ,0, 
919005-22-4,"2,3,3,5,5,6,6,8,8,10,10,12,12,12-Tetradecafluoro-4,7,9,11-tetraoxadodecanoic acid",FALSE, ,0, 
919005-23-5,"2,3,3,5,5,6,6,8,8,10,10,12,12,14,14,14-Hexadecafluoro-4,7,9,11,13-pentaoxatetradecanoic acid",FALSE, ,0, 
919005-24-6,"2,2,3,4,4-Pentafluoro-4-(trifluoromethoxy)butanoic acid",FALSE, ,0, 
919005-25-7,"2,2,3,4,4-Pentafluoro-4-(pentafluoroethoxy)butanoic acid",FALSE, ,0, 
919005-26-8,"2,2,3,4,4-Pentafluoro-4-(1,1,2,2,3,3,3-heptafluoropropoxy)butanoic acid",FALSE, ,0, 
919005-27-9,"2,2,3,4,4-Pentafluoro-4-[1,1,2,2,3,3-hexafluoro-3-(trifluoromethoxy)propoxy]butanoic acid",FALSE, ,0, 
919005-28-0,"4-[2-[Difluoro(trifluoromethoxy)methoxy]-1,1,2,2-tetrafluoroethoxy]-2,2,3,4,4-
pentafluorobutanoic acid",FALSE, ,0, 
919005-29-1,"2,2,3,4,4,6,6,7,7,9,9,11,11,13,13,13-Hexadecafluoro-5,8,10,12-tetraoxatridecanoic acid",FALSE, ,0, 
919005-30-4,"2,2,3,4,4,6,6,7,7,9,9,11,11,13,13,15,15,15-Octadecafluoro-5,8,10,12,14-pentaoxapentadecanoic
acid",FALSE, ,0, 
919005-32-6,"2-[1,1,2-Trifluoro-2-[1,1,2,2,3,3-hexafluoro-3-(trifluoromethoxy)propoxy]ethoxy]acetic acid",FALSE, ,0, 
919005-33-7,"2-[1,1,2-Trifluoro-2-(1,1,2,2,3,3,3-heptafluoropropoxy)ethoxy]acetic acid",FALSE, ,0, 
919005-34-8,"3-[1,1,2-Trifluoro-2-(1,1,2,2,3,3,3-heptafluoropropoxy)ethoxy]propanoic acid",FALSE, ,0, 
919005-35-9,"2-[1,1,2-Trifluoro-2-[1,1,2,2-tetrafluoro-2-(1,1,2,2,3,3,3-
heptafluoropropoxy)ethoxy]ethoxy]acetic acid",FALSE, ,0, 
919005-36-0,"2-[1,1,2-Trifluoro-2-[1,1,2,2,3,3-hexafluoro-3-(1,1,2,2,3,3,3-
heptafluoropropoxy)propoxy]ethoxy]acetic acid",FALSE, ,0, 
919005-37-1,"2-[1,1,2,3,3-Pentafluoro-3-(1,1,2,2,3,3,3-heptafluoropropoxy)propoxy]acetic acid",FALSE, ,0, 
919005-38-2,"(1,1,2,3,3,3-Hexafluoropropoxy)acetic acid",FALSE, ,0, 
919005-39-3,"[(1,1,2,3,3,4,4,5,5,6,6,6-Dodecafluorohexyl)oxy]acetic acid",FALSE, ,0, 
919005-40-6,"[1,1,2,2-Tetrafluoro-2-(trifluoromethoxy)ethoxy]acetic acid",FALSE, ,0, 
919005-41-7,2-[Perfluoro-[3-(methoxy)propoxy]ethoxy]acetic acid,FALSE, ,0, 
919005-42-8,2-[Perfluoro(propoxy)ethoxy]acetic acid,FALSE, ,0, 
919005-43-9,3-[Perfluoro-2-(propoxy)ethoxy]propanoic acid,FALSE, ,0, 
919005-44-0,2-[Perfluoro-2-(propoxy)ethoxyethoxy]acetic acid,FALSE, ,0, 
919005-45-1,2-[Perfluoro-2-[3-(propoxy)propoxy]ethoxy]acetic acid,FALSE, ,0, 
919005-46-2,2-[Perfluoro-3-(propoxy)propoxy]acetic acid,FALSE, ,0, 
919005-47-3,(Nonafluorobutoxy)acetic acid,FALSE, ,0, 
919005-48-4,3-(Nonafluorobutoxy)propanoic acid,FALSE, ,0, 
919005-49-5,(Heptafluoropropoxy)acetic acid,FALSE, ,0, 
919005-50-8,Difluoro(perfluoropropoxy)acetic acid,FALSE, ,0, 
919005-51-9,Perfluoro-2-[3-(methoxy)propoxy]acetic acid,FALSE, ,0, 
919005-52-0,"2,2,3,3,4,4-Hexafluoro-4-(1,2,2,2-tetrafluoroethoxy)butanoic acid",FALSE, ,0, 
919005-53-1,"6-(1,2,2,2-Tetrafluoroethoxy)perfluorohexanoic acid",FALSE, ,0, 
919005-54-2,Perfluoroethoxypropyl carboxylic acid,FALSE, ,0, 
919005-55-3,Perfluoro-6-(ethoxy)hexanoic acid,FALSE, ,0, 
919079-94-0,"4'-Butyl-3-(6,6,7,7,8,8,9,9,9-nonafluorononyl)-2,2'-bithiophene",FALSE, ,0, 
919079-95-1,"3-(6,6,7,7,8,8,9,9,9-Nonafluorononyl)-4'-octyl-2,2'-bithiophene",FALSE, ,0, 
919079-96-2,"4'-Dodecyl-3-(6,6,7,7,8,8,9,9,9-nonafluorononyl)-2,2'-bithiophene",FALSE, ,0, 
91913-68-7,1-[(Pentadecafluoroheptyl)oxy]octane,FALSE, ,0, 
919289-98-8,"4-(3,3,4,4,5,5,6,6,6-Nonafluorohexyl)aniline",FALSE, ,0, 
91935-83-0,"Lithium, (pentafluoroethyl)-",FALSE, ,0, 
91935-84-1,"3,3,4,4,4-Pentafluoro-2-hydroxy-2-(2-methylphenyl)butanoic acid",FALSE, ,0, 
919477-86-4,"2-(3-Nitro-1H-1,2,4-triazol-1-yl)-N-(2,2,3,3,3-pentafluoropropyl)acetamide",FALSE, ,0, 
919477-89-7,"2-Chloro-N-(2,2,3,3,3-pentafluoropropyl)acetamide",FALSE, ,0, 
919489-99-9,"3-(Pentadecafluoroheptyl)-5-(pentafluorophenyl)-1,2,4-oxadiazole",FALSE, ,0, 
919515-71-2,"2,3,3,3-Tetrafluoroprop-1-ene-1,1-dithiol",FALSE, ,0, 
919515-73-4,"2,3,3,4,4,4-Hexafluorobut-1-ene-1,1-dithiol",FALSE, ,0, 
91998-13-9,4-(Perfluorononyl)oxybenzenesulfonate sodium,FALSE, ,0, 
920491-93-6,Quinolin-6-yl nonafluorobutane-1-sulfonate,FALSE, ,0, 
920507-89-7,"5,6-Dibromo-2,2-bis(trifluoromethyl)-2H-1,3-benzodioxole",FALSE, ,0, 
920-66-1,2H-Perfluoro-2-propanol,TRUE, CAS,3, Scout
92071-84-6,((Perfluorooctyl)-2-hydroxypropyl)trimethylammonium iodide,FALSE, ,0, 
920966-49-0,"4-Nitrophenyl 3,3,4,4-tetrafluoropyrrolidine-1-carboxylate",FALSE, ,0, 
920979-28-8,"Perfluoro-2,5-di(propan-2-yl)oxolan-2-ol ethyl ether",FALSE, ,0, 
921193-82-0,"N-(3,3,4,4,4-Pentafluorobut-1-en-2-yl)cyclohexanamine",FALSE, ,0, 
921193-83-1,"N-(3,3,4,4,5,5,5-Heptafluoropent-1-en-2-yl)cyclohexanamine",FALSE, ,0, 
921204-31-1,"Perfluoro-2,3-bis[2-(fluorosulfonyl)ethoxy]propanoyl fluoride",FALSE, ,0, 
921204-32-2,"Perfluoro-2-{2,3-bis[2-(fluorosulfonyl)ethoxy]propoxy}propanoyl fluoride",FALSE, ,0, 
921223-07-6,"1-Ethoxy-1-(ethylsulfanyl)-4,4,4-trifluoro-3-(trifluoromethyl)buta-1,2-diene",FALSE, ,0, 
921603-75-0,"1-[(1,1,2,3,3,3-Hexafluoropropyl)sulfanyl]-2-methoxybenzene",FALSE, ,0, 
921603-76-1,"1-Methoxy-2-[(1,2,3,3,3-pentafluoroprop-1-en-1-yl)sulfanyl]benzene",FALSE, ,0, 
921930-69-0,"Trifluoroacetic acid--1~2~,2~2~:2~6~,3~2~-terpyridine (3/1)",FALSE, ,0, 
922141-41-1,"(2,2,3,3-Tetrafluorocyclopropyl)benzene",FALSE, ,0, 
922141-42-2,"1-Methyl-3-(2,2,3,3-tetrafluorocyclopropyl)benzene",FALSE, ,0, 
922141-43-3,"1-Methyl-4-(2,2,3,3-tetrafluorocyclopropyl)benzene",FALSE, ,0, 
922141-44-4,"1-Methoxy-3-(2,2,3,3-tetrafluorocyclopropyl)benzene",FALSE, ,0, 
922141-45-5,"1-Methoxy-4-(2,2,3,3-tetrafluorocyclopropyl)benzene",FALSE, ,0, 
922141-46-6,"1-Chloro-3-(2,2,3,3-tetrafluorocyclopropyl)benzene",FALSE, ,0, 
922141-47-7,"1-Chloro-4-(2,2,3,3-tetrafluorocyclopropyl)benzene",FALSE, ,0, 
922141-48-8,"1-Bromo-3-(2,2,3,3-tetrafluorocyclopropyl)benzene",FALSE, ,0, 
922141-49-9,"1-Bromo-4-(2,2,3,3-tetrafluorocyclopropyl)benzene",FALSE, ,0, 
922141-50-2,"1,1,2,2-Tetrafluoro-5-methyl-2,3-dihydro-1H-indene",FALSE, ,0, 
922141-52-4,"5-Chloro-1,1,2,2-tetrafluoro-2,3-dihydro-1H-indene",FALSE, ,0, 
922141-53-5,"5-Bromo-1,1,2,2-tetrafluoro-2,3-dihydro-1H-indene",FALSE, ,0, 
922141-54-6,"1-(2,2,3,3-Tetrafluorocyclopropyl)naphthalene",FALSE, ,0, 
922141-55-7,"1,1,2,2-Tetrafluoro-7-methyl-2,3-dihydro-1H-indene",FALSE, ,0, 
922141-57-9,"7-Chloro-1,1,2,2-tetrafluoro-2,3-dihydro-1H-indene",FALSE, ,0, 
922141-58-0,"7-Bromo-1,1,2,2-tetrafluoro-2,3-dihydro-1H-indene",FALSE, ,0, 
922141-59-1,"1,1,2,2-Tetrafluoro-6-methyl-2,3-dihydro-1H-indene",FALSE, ,0, 
922141-61-5,"6-Chloro-1,1,2,2-tetrafluoro-2,3-dihydro-1H-indene",FALSE, ,0, 
922141-62-6,"6-Bromo-1,1,2,2-tetrafluoro-2,3-dihydro-1H-indene",FALSE, ,0, 
922141-63-7,"2,2,3,3-Tetrafluoro-2,3-dihydro-1H-cyclopenta[a]naphthalene",FALSE, ,0, 
922147-45-3,"D-chiro-Inositol, 3-O-[2-amino-4-[(carboxyiminomethyl)amino]-2,3,4,6-tetradeoxy-alpha-D- arabino-hexopyranosyl]-, mixt. with 2-chloro-N-[3-[[[2,6-dimethyl-4-[perfluoro- propyl]phenyl]amino]carbonyl]-2-fluorophenyl]-N-methyl-3-pyridinecarboxamide",FALSE, ,0, 
922168-38-5,"1,1,1,3,3,3-Hexafluoro-2-(trifluoromethyl)propan-2-yl heptafluorobutanoate",FALSE, ,0, 
922168-41-0,"1,1,1,3,3,3-Hexafluoropropan-2-yl heptafluorobutanoate",FALSE, ,0, 
922421-40-7,"5-(4-tert-Butylphenyl)-N-(2,2,3,3,4,4,4-heptafluorobutyl)-1,2-oxazole-3-carboxamide",FALSE, ,0, 
922523-98-6,"1,1,1,2,5,5,5-Heptafluoro-4-iodo-2-(trifluoromethyl)pentane",FALSE, ,0, 
922523-99-7,"1,1,1,2,7,7,7-Heptafluoro-6-iodo-2,4-bis(trifluoromethyl)heptane",FALSE, ,0, 
922524-00-3,"1,1,1,2,3,3,5,5,5-Nonafluoro-4-iodo-2-(trifluoromethyl)pentane",FALSE, ,0, 
922524-01-4,"1,1,1,2,3,3,5,5,7,7,7-Undecafluoro-6-iodo-2,4-bis(trifluoromethyl)heptane",FALSE, ,0, 
922524-02-5,"1,1,1,2,2,3,3,4,4,5,5,6,6,9,9,9-Hexadecafluoro-8-iodononane",FALSE, ,0, 
922734-66-5,Trifluoroacetic acid--3-methyl-4-phenoxy-8-(piperazin-1-yl)quinoline (2/1),FALSE, ,0, 
92315-01-0,"3,3,3',3'-Tetrakis(trifluoromethyl)-3H,3'H-1,1'-spirobi[[2,1]benzoxatellurole]",FALSE, ,0, 
923298-12-8,"Scotchgard PM 930 (PM930, PM-930)",FALSE, ,0, 
92332-25-7,"Phosphoric acid, bis(gamma-mu-perfluoro-C8-14-alkyl) esters, compds. with diethanolamine",FALSE, ,0, 
92332-26-8,"Phosphoric acid, mono(gamma-mu-perfluoro-C8-14-alkyl) esters, compds. with diethanolamine",FALSE, ,0, 
92340-26-6,1-[2-[Ethyl[(perfluorooctyl)sulfonyl]amino]ethyl] butanedioate potassium,FALSE, ,0, 
923569-77-1,"(1Z)-2,2,3,3,4,4,4-Heptafluoro-N-(4-methoxy-2-methylphenyl)butanimidoyl chloride",FALSE, ,0, 
923569-78-2,"(1Z)-N-[2-(Bromomethyl)-4-methoxyphenyl]-2,2,3,3,4,4,4-heptafluorobutanimidoyl chloride",FALSE, ,0, 
923569-79-3,2-(Heptafluoropropyl)-5-methoxy-1H-indole,FALSE, ,0, 
92401-44-0,"3,3,4,4,5,5,6,6,7,7,8,8,8-Tridecafluorooctanol phosphate ammonium salt",FALSE, ,0, 
92406-76-3,"2,3,4,5,6,6,7,7-Octafluorocyclohepta-2,4-dien-1-one",FALSE, ,0, 
92417-47-5,"(Dichloromethyl)[3-(1,2,2,2-tetrafluoroethoxy)propyl]silane",FALSE, ,0, 
92455-16-8,"1,1'-(1,1,1,3,3,3-Hexafluoropropane-2,2-diyl)bis(4-ethynylbenzene)",FALSE, ,0, 
92455-18-0,"1,1'-(1,1,1,3,3,3-Hexafluoropropane-2,2-diyl)bis(3-ethynylbenzene)",FALSE, ,0, 
924894-08-6,"2,2,3,3,4,4,5,5,6,6,6-Undecafluorohexyl nonafluorobutane-1-sulfonate",FALSE, ,0, 
924894-11-1,"2,2,3,3,4,4,5,5,6,6,7,7,8,8,9,9,10,10,11,11,12,12,12-Tricosafluorododecyl nonafluorobutane-1-
sulfonate",FALSE, ,0, 
92519-33-0,"2,2,3,3-Tetrafluoro-3-(methanesulfonyl)propanoic anhydride",FALSE, ,0, 
925457-51-8,"4,12-Bis(1,1-dimethylethyl)-2,10-bis(1,1,1,2,2,3,3-heptafluoropropyl)-1,5,9,13-
tetraazacyclohexadeca-1,4,9,12-tetraene",FALSE, ,0, 
925686-63-1,"3-Ethenyl-1,2,2-trifluoro-1-(trifluoromethyl)cyclobutane",FALSE, ,0, 
92589-42-9,"N-[5-(2-Chloro-1,1,2-trifluoroethoxy)-2-hydroxy-4-{2-[3- (pentadecyloxy)phenoxy]butanamido}phenyl]-2,2,3,3,4,4,4-heptafluorobutanamide",FALSE, ,0, 
925918-64-5,"Ethene, 1,1,2,2-tetrafluoro-, oxidized, polymd., reduced, Me esters, reduced, 2,3-
dihydroxypropyl ethers",FALSE,,0,
92604-91-6,"3,4,5,5,6,6,7,7,8,8,9,9,10,10,10-Pentadecafluoro-3-decen-2-one",FALSE, ,0, 
92610-11-2,"(6Z)-1,1,1,2,2,3,3,4,4,5,5,6-Dodecafluoro-6-dodecene",FALSE, ,0, 
92612-52-7,Perfluorohexanoate,TRUE, CAS,1, Scout
92614-00-1,"Pentyl 2,2,3,3,4-pentafluoro-4-oxobutanoate",FALSE, ,0, 
92639-87-7,Tetrakis(trifluoromethoxy)methane,FALSE, ,0, 
92639-88-8,"2,2,3,3,7,7,8,8-Octafluoro-1,4,6,9-tetraoxaspiro[4.4]nonane",FALSE, ,0, 
92676-68-1,"1,1,2,2-Tetrafluoro-5-(methylamino)hex-4-en-3-one",FALSE, ,0, 
92681-65-7,"1,1,1,2,3,3,4,4,5,5,6,6,7,7,8,8,8-Heptadecafluorooctan-2-yl carbamate",FALSE, ,0, 
926914-55-8,Pyflubumide,TRUE, CAS,1, Scout
926927-42-6,Ethyl 2-amino-8-(pentafluoroethyl)-3H-1-benzazepine-4-carboxylate,FALSE, ,0, 
926927-43-7,2-Nitro-4-(pentafluoroethyl)benzaldehyde,FALSE, ,0, 
92737-01-4,"1-bromo-3,3,4,4,4-pentafluorobutan-2-one",TRUE, CAS,1, Scout
92737-03-6,"(Perfluoropropyl)chloromethyl-2,4-difluorophenylmethanol",FALSE, ,0, 
927408-18-2,4-[(Perfluoro-1-ethyl-2-methyl-1-propen-1-yl)oxy]benzoic acid sodium salt,FALSE, ,0, 
927408-19-3,"N-(Carboxylatomethyl)-N,N-dimethyl-4-[[perfluoro-2-[1-(methyl)ethyl]-1,3-dimethyl-1-buten-1-
yl]oxy]benzenaminium",FALSE, ,0, 
927408-20-6,"N-(Carboxylatomethyl)-N,N-dimethyl-4-[[perfluoro-1-ethyl-2-methyl-1-propen-1-
yl]oxy]benzenaminium",FALSE, ,0, 
92746-93-5,2-Hydroxyethyl heptadecafluorononanoate,FALSE, ,0, 
927670-12-0,Heptadecafluorooctane-2-sulfonic acid,FALSE, ,0, 
927673-93-6,"N,N′-Bis[(N,N-dimethyl-N-oxidoaminopropyl)]-N,N'-
bis(perfluorobutanesulfonyl)ethylenediamine",FALSE, ,0, 
92818-39-8,"Triethoxy(2,2,3,3-tetrafluorocyclobutyl)silane",FALSE, ,0, 
928201-45-0,"Trifluoroacetic acid--2-({6-[(3R)-3-aminopiperidin-1-yl]-3-methyl-2,4-dioxo-3,4-dihydropyrimidin-
1(2H)-yl}methyl)-4-fluorobenzonitrile (1/1)",FALSE, ,0, 
92832-08-1,"3-Amino-4,4,5,5-tetrafluoro-1-phenylpent-2-ene-1-thione",FALSE, ,0, 
92835-82-0,"(2E)-4,4,5,5,6,6,6-Heptafluoro-2-iodo-2-hexen-1-ol",FALSE, ,0, 
92835-92-2,"(2Z)-4,4,5,5,6,6,6-Heptafluoro-2-iodohex-2-en-1-ol",FALSE, ,0, 
928655-42-9,"4,5,5,5-Tetrafluoro-4-{1,1,2,3,3,3-hexafluoro-2-[1,1,2,3,3,3-hexafluoro-2-
(heptafluoropropoxy)propoxy]propoxy}-N-propylpentan-1-amine",FALSE, ,0, 
92886-04-9,"4,4-Bis[(3,3,4,4,5,5,6,6,6-nonafluorohexyl)sulfanyl]pentanoic acid",FALSE, ,0, 
92914-86-8,4-(Heptadecafluorooctyl)-1H-pyrazole,FALSE, ,0, 
92916-37-5,3-(Trifluorosilyl)propyl nonafluoropentanoate,FALSE, ,0, 
929211-36-9,"2-(1,1,1,2,3,3,3-Heptafluoropropan-2-yl)pyridine-4-carbonitrile",FALSE, ,0, 
92942-81-9,"1,2,2,3,3,4,4a,5,5,6,6,7,7,8-Tetradecafluoro-4-(trifluoromethyl)-1,2,3,4,4a,5,6,7-
octahydroquinoline",FALSE, ,0, 
92978-07-9,"1,1,1,2,2,3,3,4,5,5,5-Undecafluoro-4-(pentafluoroethoxy)pentane",FALSE, ,0, 
92982-03-1,"1,2-Ethanediyl bis(perfluorobutanesulfonate)",FALSE, ,0, 
93080-42-3,"Butan-2-yl N-(2,2,3,3,4,4,4-heptafluorobutanoyl)-D-alaninate",FALSE, ,0, 
93128-61-1,"Sodium (2S)-3-carboxy-2-({2-hydroxy-3-[(3,3,4,4,5,5,6,6,7,7,8,8,8-
tridecafluorooctyl)sulfanyl]propyl}amino)propanoate",FALSE, ,0, 
93129-79-4,"4,4'-(1,1,1,3,3,3-Hexafluoropropane-2,2-diyl)di(benzene-1-thiol)",FALSE, ,0, 
93131-73-8,4-Methylphenyl nonafluorobutane-1-sulfonate,FALSE, ,0, 
93131-75-0,"(4-propan-2-ylphenyl) 1,1,2,2,3,3,4,4,4-nonafluorobutane-1-sulfonate",FALSE, ,0, 
93131-76-1,"(3,5-ditert-butylphenyl) 1,1,2,2,3,3,4,4,4-nonafluorobutane-1-sulfonate",FALSE, ,0, 
931415-53-1,"1,1,1,2,2,3,3,4,4,5,5,6,6,7,7,8,8-Heptadecafluorononadecane",FALSE, ,0, 
931-91-9,Perfluorocyclopropane,FALSE, ,0, 
93200-92-1,Perfluoro-2-methyl-2-(pentyloxy)pentane,FALSE, ,0, 
93238-00-7,1-Isocyanato-4-(nonadecafluorononyl)benzene,FALSE, ,0, 
93238-01-8,4-(Nonadecafluorononyl)benzoyl azide,FALSE, ,0, 
932710-51-5,"1-(4,4,5,5,6,6,7,7,8,8,9,9,9-Tridecafluoro-1-oxononyl)-2,5-pyrrolidinedione",FALSE, ,0, 
932710-57-1,"[2,7-Bis((perfluorohexyl)ethyl)-9H-fluoren-9-yl]methyl carbonochloridate",FALSE, ,0, 
93339-87-8,"2-Bromo-3-(bromomethyl)-4,4,5,5,6,6,6-heptafluorohexan-3-ol",FALSE, ,0, 
93367-04-5,"Cadmium bis(1,1,2,2,3,3,4,4,4-nonafluorobutan-1-ide)",FALSE, ,0, 
93393-77-2,"8-(2-Chloroethanesulfonyl)-1,1,1,2,2,3,3,4,4,5,5,6,6-tridecafluorooctane",FALSE, ,0, 
933999-90-7,"Ethene, 1,1,2,2-tetrafluoro-, oxidized, polymd., reduced, Me esters, reduced, 2,3- dihydroxypropyl ethers, N -[2-[(2-methyl-1-oxo-2- propen-1-yl)oxy]ethyl]carbamates",FALSE, ,0, 
93402-66-5,"1,1,2,2,3,3-Hexafluoro-1-methoxy-3-[(trifluoroethenyl)oxy]propane",FALSE, ,0, 
93416-26-3,"6-Methyl-2-(undecafluoropentyl)-1,3-benzoxazole",FALSE, ,0, 
93416-31-0,"4-(4-Methoxyphenyl)-2-methyl-5-(1,1,2,2,3,3,4,4,5,5,6,6,6-tridecafluorohexane-1-sulfonyl)-1,2-
oxazolidine",FALSE, ,0, 
93417-72-2,"3-(Bromomethyl)-1,1,1,2,2,4,4,5,5,6,6,6-dodecafluorohexan-3-ol",FALSE, ,0, 
93449-21-9,"2,2,3,3-Tetrafluoro-3-methoxypropanoic acid",FALSE, ,0, 
93449-49-1,Methyl 4H-perfluorobutyl ketone,FALSE, ,0, 
93454-69-4,"1,1,1,2,2,3,3,4,4,5,5,6,6,7,7,8,8,9,9,10,10,11,11,12,12-Pentacosafluoro-14-iodoicosane",FALSE, ,0, 
93454-72-9,"1,1,1,2,2,3,3,4,4,5,5,6,6,7,7,8,8,9,9,10,10,11,11,12,12-Pentacosafluorodocosane",FALSE, ,0, 
93454-73-0,"1,1,1,2,2,3,3,4,4,5,5,6,6,7,7,8,8,9,9,10,10,11,11,12,12-Pentacosafluorohexacosane",FALSE, ,0, 
93454-74-1,"1,1,1,2,2,3,3,4,4,5,5,6,6,7,7,8,8,9,9,10,10,11,11,12,12-Pentacosafluorooctacosane",FALSE, ,0, 
93454-75-2,"1,1,1,2,2,3,3,4,4,5,5,6,6,7,7,8,8,9,9,10,10,11,11,12,12-Pentacosafluorotriacontane",FALSE, ,0, 
935443-55-3,"1,1,2-Trifluoro-2-(heptafluoropropoxy)ethane-1-sulfonic acid",FALSE, ,0, 
935476-95-2,"1,1,1,4,4,5,5,6,6,7,7,8,8,8-Tetradecafluorooct-2-ene",FALSE, ,0, 
935477-01-3,"1,1,1,4,4,5,5,6,6,7,7,8,8,9,9,9-Hexadecafluoro-2-nonene",FALSE, ,0, 
935477-04-6,"1,1,1,2,2,5,5,6,6,7,7,8,8,9,9,9-Hexadecafluoro-3-nonene",FALSE, ,0, 
935477-07-9,"1,1,1,2,2,3,3,6,6,7,7,8,8,9,9,9-Hexadecafluoro-4-nonene",FALSE, ,0, 
935477-16-0,"1,1,1,2,2,3,3,6,6,7,7,8,8,9,9,10,10,10-Octadecafluoro-4-decene",FALSE, ,0, 
935553-88-1,"1,1,1,2,2,3,3,4,4,7,7,7-Dodecafluoro-6-iodoheptane",FALSE, ,0, 
935553-89-2,"1,1,1,2,2,3,3,4,4,7,7,8,8,8-Tetradecafluoro-5-iodooctane",FALSE, ,0, 
93561-63-8,"2-Phenyl-2-(1,2,2,2-tetrafluoroethyl)-1,3-dioxolane",FALSE, ,0, 
93572-72-6,"Sulfonic acids, C6-12-alkane, perfluoro",FALSE, ,0, 
93611-23-5,"Copolymer of tetrafluoroethylene/hexafluoropropene/nonafluorobutyl trifluorovinyl ether (a number-average molecular weight is not less than 1,000 and the polymer is insoluble in water, lipid soluble solvent, usual solvent, acid and alkali)",FALSE, ,0, 
93620-85-0,"1-(4-Chloro-1,1,2,2,3,3,4,4-octafluorobutyl)-3-nitrobenzene",FALSE, ,0, 
936224-58-7,"2-(1,1,2,2-Tetrafluoroethyl)-1,4,5,6-tetrahydropyrimidine",FALSE, ,0, 
936224-60-1,"2-(1,1,2,2-Tetrafluoroethyl)-4,5,6,7-tetrahydro-1H-1,3-diazepine",FALSE, ,0, 
936233-19-1,"N~5~-(5-Hydroxy-4,6-dimethylpyrimidin-2-yl)-L-ornithine--heptafluorobutanoic acid (1/2)",FALSE, ,0, 
93644-65-6,"Ammonium 1,1,2,2-tetrafluoro-2-{[1,1,1,2,3,3-hexafluoro-3-(pentafluoroethoxy)propan-2-
yl]oxy}ethane-1-sulfonate",FALSE, ,0, 
93682-62-3,"2,3,3,4,4,5,5,6,6,7,7,7-Dodecafluoro-2-hydroxyheptanoic acid",FALSE, ,0, 
93683-27-3,Perfluoro-2-methyl-3-(propan-2-yl)pentan-3-yl,FALSE, ,0, 
93697-09-7,1-Methyl-2-(nonafluorobutyl)benzene,FALSE, ,0, 
93697-17-7,1-(Tridecafluorohexyl)naphthalene,FALSE, ,0, 
937038-66-9,Potassium bis(perfluorohexyl)difluoroborate,FALSE, ,0, 
93704-25-7,"16,16,17,17,18,18,19,19,20,20,21,21,22,22,22-Pentadecafluoro-3,6,9,12,15-pentaoxadocosan-1-
ol",FALSE, ,0, 
93706-76-4,"4,4,5,5,6,6,7,7,8,8,9,9,10,10,11,11,11-Heptadecafluoro-2-hydroxyundecyl 2-methylprop-2-
enoate",FALSE, ,0, 
937602-77-2,"1-(2,2,3,3-Tetrafluoropropyl)piperidine-4-carboxylic acid",FALSE, ,0, 
937602-82-9,"1-(2,2,3,3-Tetrafluoropropyl)-1H-1,2,4-triazol-3-amine",FALSE, ,0, 
93762-09-5,Perfluoro-2-(trifluoromethyl)propanesulfonic acid,FALSE, ,0, 
93762-10-8,"Potassium 1,1,2,3,3,3-hexafluoro-2-(trifluoromethyl)propanesulfonate",FALSE, ,0, 
93762-11-9,N-(2-hydroxyethyl)-N-methylperfluoro-2-methylpropanesulfonamide,FALSE, ,0, 
93762-12-0,"1,1,2,3,3,3-Hexafluoro-N,N-bis(2-hydroxyethyl)-2-(trifluoromethyl)propane-1-sulphonamide",FALSE, ,0, 
937676-00-1,4-Chloro-2-(heptafluoropropyl)pyrimidine,FALSE, ,0, 
93776-03-5,"1,1'-(Oxybis((1-methylethylene)oxy))bis(3-(perfluoro-11-methyldodecyl)propan-2-ol)",FALSE, ,0, 
93776-04-6,"1,1'-(Oxybis((2-methylethylene)oxy))bis(3-(perfluoro-9-methyldecyl)propan-2-ol)",FALSE, ,0, 
93776-05-7,"1,1'-(Oxybis(propyleneoxy))bis(3-(perfluoro-7-methyloctyl)propan-2-ol)",FALSE, ,0, 
93776-06-8,"33,33,34,34,35,35,36,36,37,37,38,38,39,39,40,40,41,41,42,42,43,43,44,44,44-Pentacosafluoro-
2,5,8,11,14,17,20,23,26,29-decaoxatetratetracontan-31-ol",FALSE, ,0, 
93776-09-1,"32-(Perfluoro-11-methyldodecyl)-2,5,8,11,14,17,20,23,26,29-decaoxadotriacontan-31-ol",FALSE, ,0, 
93776-10-4,"32-(Perfluoro-9-methyldecyl)-2,5,8,11,14,17,20,23,26,29-decaoxodotriacontan-31-ol",FALSE, ,0, 
93776-11-5,"32-(Perfluoro-7-methyloctyl)-2,5,8,11,14,17,20,23,26,29-decaoxadotriacontan-31-ol",FALSE, ,0, 
93776-19-3,Bis((perfluoro-15-methylhexadecyl)ethyl) hydrogen phosphate,FALSE, ,0, 
93776-22-8,Ammonium bis(2-(perfluorododecyl)ethyl) phosphate,FALSE, ,0, 
93776-23-9,Ammonium bis(2-(perfluorohexadecyl)ethyl) phosphate,FALSE, ,0, 
93776-24-0,Ammonium bis((perfluoro-7-methyloctyl)ethyl) phosphate,FALSE, ,0, 
93776-25-1,Ammonium bis(2-(perfluoro-9-methyldecyl)ethyl) phosphate,FALSE, ,0, 
93776-26-2,Ammonium bis((perfluoro-11-methyldodecyl)ethyl) phosphate,FALSE, ,0, 
93776-27-3,Ammonium bis((perfluoro-13-methyltetradecyl)ethyl) phosphate,FALSE, ,0, 
93776-28-4,Ammonium Bis((perfluoro-15-methylhexadecyl)ethyl) phosphate,FALSE, ,0, 
93776-29-5,Bis((perfluoro-13-methyltetradecyl)ethyl) hydrogen phosphate,FALSE, ,0, 
93776-30-8,Bis(2-hydroxyethyl)ammonium bis((perfluoro-13-methyltetradecyl)ethyl) phosphate,FALSE, ,0, 
93776-31-9,Bis(2-hydroxyethyl)ammonium bis((perfluoro-15-methylhexadecyl)ethyl) phosphate,FALSE, ,0,
93777-12-9,"(2-Carboxylatoethyl)-3-((perfluoro-9-methyldecyl)-2-
hydroxypropyl)aminopropyldimethylammonium",FALSE,,0,
93777-13-0,Ammonium bis((perfluorotetradecyl)ethyl) phosphate,FALSE, ,0, 
93803-06-6,Diethyl(3-(((heptadecafluorooctyl)sulphonyl)amino)propyl)methylammonium iodide,FALSE, ,0, 
93804-21-8,"Trimethoxy(3-(1,1,2,2-tetrafluoroethoxy)propyl)silane",FALSE, ,0, 
938155-33-0,"Ethenyl benzoate polymer with 2-butenoic acid, ethenyl 2,2-dimethylpropanoate, 4- (ethenyloxy)-1-butanol, 2-methyl-1-propene and 1,1,2,2-tetrafluoroethene, dihydrogen 1,2,4- benzenetricarboxylate, compd. with N,N-diethylethanamine",FALSE, ,0, 
93819-97-7,"N,N-Bis(2-hydroxyethyl)-4-[[4,4,5,5,5-pentafluoro-3-(1,1,2,2,2-pentafluoroethyl)-1,2,3-
tris(trifluoromethyl)-1-penten-1-yl]oxy]benzenesulfonamide",FALSE, ,0, 
93822-96-9,"1,1,1,2,4,4,5,5-Octafluoro-5-iodo-2-(trifluoromethyl)pentan-3-one",FALSE, ,0, 
93830-92-3,3-Trifluoromethylperfluoro-2-pentanone,FALSE, ,0, 
93857-42-2,(Perfluoro-13-methyltetradecyl)ethyl dihydrogen phosphate,FALSE, ,0, 
93857-43-3,Diammonium (perfluoro-15-methylhexadecyl)ethyl phosphate,FALSE, ,0, 
93857-46-6,"12:2 Fluorotelomer dihydrogen phosphate (ester), diammonium salt",FALSE, ,0, 
93857-47-7,14:2 Fluorotelomer dihydrogen phosphate diammonium salt,FALSE, ,0, 
93857-48-8,16:2 Fluorotelomer phosphate,FALSE,,0,
93857-49-9,Diammonium (perfluoro-7-methyloctyl)ethyl phosphate,FALSE, ,0, 
93857-50-2,Diammonium (perfluoro-9-methyldecyl)ethyl phosphate,FALSE, ,0, 
93857-51-3,Diammonium (perfluoro-11-methyldodecyl)ethyl phosphate,FALSE, ,0, 
93857-52-4,Diammonium (perfluoro-13-methyltetradecyl)ethyl phosphate,FALSE, ,0, 
93857-53-5,Bis((perfluorotetradecyl)ethyl) hydrogen phosphate,FALSE, ,0, 
93857-54-6,Bis((perfluorohexadecyl)ethyl) hydrogen phosphate,FALSE, ,0, 
93857-55-7,Bis((perfluoro-9-methyldecyl)ethyl) phosphate,FALSE, ,0, 
93857-56-8,Bis((perfluoro-11-methyldodecyl)ethyl) hydrogen phosphate,FALSE, ,0, 
93858-69-6,"2-[(2,2,3,4,4,4-Hexafluorobutoxy)methyl]oxirane",FALSE, ,0, 
93894-52-1,"1,1,2,3,3,3-Hexafluoro-2-(trifluoromethyl)propane-1-sulphonic anhydride",FALSE, ,0, 
93894-53-2,"1,1,2,2,3,3,4,4-Octafluoro-N-(2-hydroxyethyl)-N-methylbutane-1-sulphonamide",FALSE, ,0, 
93894-54-3,"1,1,2,2,3,3,4,4-Octafluoro-N,N-bis(2-hydroxyethyl)butane-1-sulphonamide",FALSE, ,0, 
93894-55-4,"1,1,2,2,3,3,4,4-Octafluorobutane-1-sulphonic anhydride",FALSE, ,0, 
93894-56-5,"Isooctanesulfonamide, heptadecafluoro-",FALSE, ,0, 
93894-57-6,"Isooctanesulfonamide, heptadecafluoro-, compd. with N,N-diethylethanamine (1:1)",FALSE, ,0, 
93894-65-6,"Isooctanesulfonamide, heptadecafluoro-N-(2-hydroxyethyl)-N-methyl-",FALSE, ,0, 
93894-66-7,"Isooctanesulfonamide, heptadecafluoro-N,N-bis(2-hydroxyethyl)-",FALSE, ,0, 
93894-67-8,"Isooctanesulfonic acid, heptadecafluoro-, lithium salt",FALSE, ,0, 
93894-68-9,"Isooctanesulfonic acid, heptadecafluoro-, potassium salt",FALSE, ,0, 
93894-70-3,Tetraethylammonium perfluoroisooctanesulfonate,FALSE, ,0, 
93894-71-4,Heptadecafluoro-N-methylisooctanesulphonamide,FALSE, ,0, 
93894-72-5,Diethyl(3-(((heptadecafluoroisooctyl)sulphonyl)amino)propyl)methylammonium iodide,FALSE, ,0, 
93894-73-6,Magnesium perfluoroisooctanesulfonate,FALSE, ,0, 
93894-74-7,"9-Octadecenyl (5-(((2- (((heptadecafluoroisooctyl)sulphonyl)methylamino)ethoxy)carbonyl)amino)-2-
methylphenyl)carbamate",FALSE, ,0, 
93951-33-8,"1-Propanaminium, N,N,N-trimethyl-2(or 3)-[[[4-[[4,4,5,5,5-pentafluoro-3-(pentafluoroethyl)- 1,2,3-tris(trifluoromethyl)-1-pentenyl]oxy]phenyl]sulfonyl]amino]-, methyl sulfate",FALSE, ,0, 
93958-59-9,"1,1,2,7,8,8-Hexachloro-1,2,3,4,4,5,5,6,8-nonafluorooctane",FALSE, ,0, 
93962-52-8,Bis(tridecafluorohexyl) disulphide,FALSE, ,0, 
939793-32-5,"1-(Benzylamino)-3-(1,1,2,2-tetrafluoroethoxy)propan-2-ol",FALSE, ,0, 
939793-35-8,"1-(Benzylamino)-3-(2,2,3,3-tetrafluoropropoxy)propan-2-ol",FALSE, ,0, 
93982-47-9,"Methyl 4-(1,1,2,2-tetrafluoroethoxy)benzoate",FALSE, ,0, 
94024-64-3,"1,2,2,3,4,4-Hexafluorobicyclo[1.1.0]butane",FALSE, ,0, 
94042-94-1,"Sodium 4-(perfluoro(3,4-dimethylhex-3-en-2-yloxy))benzene-1-sulfonate",FALSE, ,0, 
94042-95-2,Sodium 4-(perfluoro-2-(butan-2-yl)-3-ethyl-3-methylpent-1-en-1-yloxy)benzenesulfonate,FALSE, ,0, 
94048-09-6,"Bis(2,2,3,3,4,4,5,5-octafluoropentyl) bis{tris[(2,2,3,3,4,4,5,5-octafluoropentyl)oxy]silyl}
orthosilicate",FALSE, ,0, 
94079-71-7,Europium(3+) trifluoroacetate--water (1/3/3),FALSE, ,0, 
94083-43-9,"3-Chloro-3,4,4,4-tetrafluoro-2-methylbutan-2-ol",FALSE, ,0, 
94088-80-9,Trimethyl-3-((perfluorohexyl)ethylsulfonyl)aminopropylammonium iodide,FALSE, ,0, 
940891-99-6,"Scotchgard PM 490 (PM490, PM-490)",FALSE, ,0, 
94094-26-5,"Tetradecanoic acid, 1,1'-(methyl(3,3,4,4,5,5,6,6,6-nonafluorohexyl)silylene) ester",FALSE, ,0, 
94095-37-1,"Pentanoic acid, 4,4-bis((gamma-mu-perfluoro-C6-12-alkyl)thio) derivs., compds. with
diethanolamine",FALSE, ,0, 
94099-50-0,"1,1,1,2,2-Pentafluorohexane",FALSE, ,0, 
94099-52-2,"5,5,6,6,6-Pentafluoro-2-hexanol",FALSE, ,0, 
94133-91-2,"3-((Perfluorooctylsulfonyl)-2-hydroxy-3-sulfopropylamino)-N-(2-hydroxyethyl)-N,N-dimethyl-1-
propanaminium monosodium hydroxide",FALSE, ,0, 
94157-91-2,"2,6-Difluoro-N-(((2-methyl-4-(2,2,2-trifluoro-1-hydroxy-1-
(trifluoromethyl)ethyl)phenyl)amino)carbonyl)benzamide",FALSE, ,0, 
94157-92-3,"N-(((2,5-Dimethyl-4-(2,2,2-trifluoro-1-hydroxy-1-(trifluoromethyl)ethyl)phenyl)amino)carbonyl)-
2,6-difluorobenzamide",FALSE, ,0, 
94158-20-0,"Butan-2-one O,O',O''-((3,3,4,4,5,5,6,6,7,7,8,8,8-tridecafluorooctyl)silylidyne)oxime",FALSE, ,0, 
94158-60-8,"(Dodecyl)trimethylammonium 2,2,3,3-tetrafluoropropionate",FALSE, ,0, 
94158-62-0,"1-(Perfluoro-7-methyloctyl)-4,7,10-trioxatetradecan-2-ol",FALSE, ,0, 
94158-66-4,((Perfluorododecyl)methyl)oxirane,FALSE, ,0, 
94158-67-5,((Perfluorotetradecyl)methyl)oxirane,FALSE, ,0, 
94158-68-6,((Perfluorohexadecyl)methyl)oxirane,FALSE, ,0, 
94158-69-7,(Perfluorooctyl)-2-hydroxypropyl dihydrogen phosphate,FALSE, ,0, 
94159-77-0,Bis(2-hydroxyethyl)methyl(1-(perfluoro-9-methyldecyl))-2-hydroxyprop-3-ylammonium iodide,FALSE,,0,
94159-78-1,Bis(2-hydroxyethyl)methyl(1(-perfluoro-7-methyloctyl))-2-hydroxyprop-3-ylammonium iodide,FALSE, ,0, 
94159-81-6,1-((3-(Dimethylamino)propyl)amino)-(3-(perfluorooctyl))propan-2-ol,FALSE, ,0, 
94159-88-3,"4-(2,2,3,3,4,4,5,5,6,6,7,7,8,8,9,9,9-Heptadecafluorononyl)-2,2-dimethyl-1,3-dioxolane",FALSE, ,0, 
94159-89-4,Potassium N-((perfluoro-7-methyloctyl)-2-hydroxypropyl)-N-methylaminoacetate,FALSE, ,0, 
94159-90-7,"4-((Perfluoro-7-methyloctyl)methyl)-2,2-dimethyl-1,3-dioxolane",FALSE, ,0, 
94159-92-9,1-Phenoxy(3-(perfluoro-7-methyloctyl)propan-2-ol),FALSE, ,0, 
94166-88-8,"Butanedioic acid, sulfo-, 1,4-bis(.alpha.-.omega.-perfluoro-C6-12-alkyl) esters, sodium salts",FALSE, ,0, 
94190-72-4,"(3,3,4,4,5,5,6,6,6-Nonafluorohexyl)(triphenyl)phosphanium iodide",FALSE, ,0, 
94190-73-5,"Triphenyl(3,3,4,4,5,5,6,6,7,7,8,8,8-tridecafluorooctyl)phosphanium iodide",FALSE, ,0, 
94196-26-6,"[Ethyl(1,1,2,2,3,3,4,4,5,5,6,6,7,7,8,8,8-heptadecafluorooctane-1-
sulfonyl)amino]methanesulfonic acid",FALSE, ,0, 
94200-44-9,3-(Perfluorohexadecyl)-2-hydroxypropyl dihydrogen phosphate,FALSE, ,0, 
94200-49-4,Diammonium 3-(perfluorohexadecyl)-2-hydroxypropyl dihydrogen phosphate,FALSE,,0,
94200-53-0,Diammonium 3-(perfluoro-15-methylhexadecyl)-2-hydroxypropyl dihydrogen phosphate,FALSE, ,0, 
94200-54-1,14:2 Fluorotelomer dihydrogen phosphate,FALSE, ,0, 
94200-55-2,16:2 Fluorotelomer dihydrogen phosphate,FALSE, ,0, 
94200-56-3,(Perfluoro-9-methyldecyl)ethyl dihydrogen phosphate,FALSE, ,0, 
94200-57-4,((Perfluoro-11-methyldodecyl)ethyl) dihydrogen phosphate,FALSE, ,0, 
942199-24-8,Perfluorodecanoic anhydride,FALSE, ,0, 
94228-79-2,"Poly(1-pentene-2,3,3,4,4,5,5-heptafluoro-co-ethene-co-tetrafluoroethene)",FALSE, ,0, 
94228-81-6,"2,3,3,4,4,5,5,6,6,7,7-Undecafluorohept-1-ene",FALSE, ,0, 
94231-56-8,Bis(2-hydroxyethyl)ammonium bis((perfluoro-11-methyldodecyl)ethyl) phosphate,FALSE, ,0, 
94231-57-9,"2,2,3,3,4,4,5,5,6,6,7,7,8,8,9,9,10,10,11,11,11-Henicosafluoroundecyl acrylate",FALSE, ,0, 
94231-58-0,"1,1,2,2,3,3,4,4,5,5,6,6,7,7,8,8,9,9,10,10-Icosafluoro-11-(vinyloxy)undecane",FALSE, ,0, 
94231-59-1,(Perfluoro-15-methylhexadecyl)ethyl dihydrogen phosphate,FALSE, ,0, 
94232-71-0,"Butan-2-one O,O',O''-((3-(1,1,2,2-tetrafluoroethoxy)propyl)silylidyne)trioxime",FALSE, ,0, 
94232-72-1,"Triethoxy(3-(1,1,2,2-tetrafluoroethoxy)propyl)silane",FALSE, ,0, 
94237-06-6,"3-Chloro-1,1,1,5,5,5-hexamethyl-3-((perfluorohexyl)ethyl)trisiloxane",FALSE, ,0, 
94237-07-7,"Trimethylsilyloxy-1,1,1,5,5,5-hexamethyl-3-((perfluorohexyl)ethyl)trisiloxane",FALSE, ,0, 
94237-08-8,"Methoxydimethyl(3,3,4,4,5,5,6,6,7,7,8,8,8-tridecafluorooctyl)silane",FALSE, ,0, 
94237-11-3,"(2,2,2-Tris((acryloyloxy)methyl)ethoxy)((perfluorohexyl)ethyl)dimethylsilane",FALSE, ,0, 
94237-12-4,"Bis(2,2,2-tris((acryloyloxy)methyl)ethoxy)((perfluorohexyl)ethyl)methylsilane",FALSE, ,0, 
94237-13-5,"Tris(2,2,2-tris((acryloyloxy)methyl)ethoxy)((perfluorohexyl)ethyl)silane",FALSE, ,0, 
94237-17-9,"1,1-Dichloro-3,3,3-trimethyl((perfluorohexyl)ethyl)disiloxane",FALSE, ,0, 
942597-24-2,"1-Butanesulfonamide, 1,1,2,2,3,3,4,4,4-nonafluoro-N-methyl-N-(2-oxiranylmethyl)-",FALSE, ,0, 
94291-75-5,Bis(2-hydroxyethyl)ammonium bis((perfluorotetradecyl)ethyl) phosphate,FALSE, ,0, 
94291-76-6,Bis(2-hydroxyethyl)ammonium bis((perfluorohexadecyl)ethyl) phosphate,FALSE, ,0, 
94291-77-7,Bis(2-hydroxyethyl)ammonium bis((perfluoro-7-methyloctyl)ethyl) phosphate,FALSE, ,0, 
94291-78-8,Bis(2-hydroxyethyl)ammonium bis((perfluoro-9-methyldecyl)ethyl) phosphate,FALSE, ,0, 
94333-56-9,"5-Fluoro-5,7,7-tris(trifluoromethyl)-6-(2,2,2-trifluoro-1-(trifluoromethyl)ethylidene)-1,4-
dioxepane",FALSE, ,0, 
943344-69-2,"Silsesquioxanes, 3-aminopropyl 3,3,4,4,5,5,6,6,6-nonafluorohexyl, hydroxy-terminated acetates",FALSE, ,0, 
94345-13-8,"Pentyl 4,4,5,5,6,6,7,7,7-nonafluoroheptanoate",FALSE, ,0, 
943517-73-5,PUBCHEM_#71314116,FALSE, ,0, 
943767-44-0,"4-(2,2,3,3,4,4,4-Heptafluorobutoxy)benzaldehyde",FALSE, ,0, 
943913-15-3,"3,3,4,4,5,5,6,6,7,7,8,8,9,9,10,10,10-Heptadecafluorodecyl 3,3,4,4,5,5,6,6,7,7,8,8,8-
tridecafluorooctyl hydrogen phosphate",FALSE, ,0, 
94403-04-0,"1,6-bis(trimethoxysilanylethyl)perfluorohexane",FALSE, ,0, 
94403-05-1,"1,12-Dodecanediol, 4,4,5,5,6,6,7,7,8,8,9,9-dodecafluoro-2,11-diiodo-",FALSE, ,0, 
94403-06-2,"3,3,4,4,5,5,6,6-Octafluorooctane-1,8-diamine",FALSE, ,0, 
94413-32-8,"5-Methyl-6-[(3,3,4,4,5,5,6,6,7,7,8,8,8-tridecafluorooctyl)sulfanyl]hexahydro-4,7-methano-2-
benzofuran-1,3-dione",FALSE, ,0, 
944477-76-3,"1,9-Decadiene, 3,3,4,4,5,5,6,6,7,7,8,8-dodecafluoro-, polymer with 1,1-difluoroethene, 1-
[difluoro(trifluoromethoxy)methoxy]-1,2,2-trifluoroethene, 1,1,2,2-tetrafluoroethene and 1,1,2- trifluoro-2-(trifluoromethoxy)ethene",FALSE, ,0, 
944578-05-6,"Sulfonamides, C4-8-alkane, perfluoro, N-[4,7-dimethyl-4-[[(1-methylpropylidene)amino]oxy]-3,5
dioxa-6-aza-4-silanon-6-en-1-yl]-N-ethyl",FALSE, ,0, 
94475-68-0,(Perfluorononyloxy)benzoate sodium,FALSE, ,0, 
94492-37-2,Sodium 3-(methyl{3-[(tridecafluorohexyl)amino]propyl}amino)propane-1-sulfonate,FALSE, ,0, 
945953-14-0,Ammonium 2:2 fluorotelomer-1-sulfonate,FALSE, ,0, 
946163-81-1,"2,2,3,3-Tetrafluoro-3-{1,1,2,3,3,3-hexafluoro-2-[(trifluoroethenyl)oxy]propoxy}propanoic acid",FALSE, ,0, 
94705-65-4,"4-{2-[2,4-Bis(2-methylbutan-2-yl)phenoxy]butanamido}-2-hydroxy-N-
(nonafluorobutyl)benzamide",FALSE, ,0, 
94718-24-8,"2,2,3,3,4,4,5,5-Octafluoro-1-(undecafluoropentyl)pyrrolidine",FALSE, ,0, 
94718-25-9,"2,2,3,3,5,5,6,6-Octafluoro-4-(nonafluorocyclopentyl)morpholine",FALSE, ,0, 
94720-20-4,"2,2,3,3,4,4,4-Heptafluoro-N-(2-oxo-2,3-dihydropyrimidin-4-yl)butanamide",FALSE, ,0, 
94767-47-2,"2,2,3,3-Tetrafluoro-2,3-dihydro-1,4-benzodioxine",FALSE, ,0, 
94797-81-6,"Poly(oxy-1,2-ethanediyl), α-(2,2,3,3,4,4,5,5,6,6,7,7,8,8,9,9,10,10,10-nonadecafluoro-1-oxodecyl)-
ω-methoxy-",FALSE, ,0, 
948014-28-6,"1,1,2,2,3,3,4,5,5,6,6,7,7,8-Tetradecafluoro-4,8-dimethylcyclooctane",FALSE, ,0, 
948014-40-2,"Perfluoro(3,3'-(piperazine-1,4-diyl)dipropanoic acid)",FALSE, ,0, 
94817-10-4,"Poly(oxy-1,2-ethanediyl), α-(4,4,5,5,6,6,7,7,8,8,9,9,10, 10,11,11,12,12,12-nonadecafluoro-2-
hydroxydodecyl)-ω-(3-hydroxypropoxy)-",FALSE, ,0, 
94817-82-0,"N,N-Dibutyl-2-(perfluorotridecyl)ethanaminium nitrate",FALSE, ,0, 
94817-83-1,N-Propyl-perfluorotridecanesulfonamide hydrochloride,FALSE, ,0, 
94840-66-1,"S-(1,1,2,2-Tetrafluoroethyl)cysteine",FALSE, ,0, 
94953-38-5,"(2-Chloroethenyl)bis(2,2,3,3-tetrafluorocyclobutyl)silane",FALSE, ,0, 
949581-65-1,"Scotchgard PM 3622 (PM3622, PM-3622)",FALSE, ,0, 
95091-35-3,"Potassium 2,3,3,3-tetrafluoro-2-(trifluoromethyl)propanoate",FALSE, ,0, 
95144-12-0,"Poly(difluoromethylene), α-fluoro-ω-[2-(phosphonooxy)ethyl]-, ammonium salt",FALSE, ,0, 
95243-53-1,"2-Propenoic acid, esters, 2-methyl-, 2,2,3,3,3-pentafluoropropyl ester, homopolymer",FALSE, ,0, 
952584-86-0,"(E)-4-(2,2,3,3,4,4,4-Heptafluorobutoxy)-4-oxobut-2-enoic acid",TRUE, CAS,1, Scout
95325-75-0,"1-Propene, 1,1,2,3,3,3-hexafluoro-, polymer with chlorotrifluoroethene, 1,1-difluoroethene and
tetrafluoroethene",FALSE, ,0, 
95388-86-6,"2,2-Dimethyl-4,4,6-tris(trifluoromethyl)-1,5,6-triazabicyclo[3.1.0]hexane",FALSE, ,0, 
95388-88-8,"2-Methyl-2-phenyl-4,4,6-tris(trifluoromethyl)-1,5,6-triazabicyclo[3.1.0]hexane",FALSE, ,0, 
954226-17-6,2-Chloro-4-(pentafluoroethyl)pyrimidine-5-carboxylic acid,FALSE, ,0, 
954238-58-5,"4,4,4-Trifluoro-3-(trifluoromethyl)-1-butanamine",FALSE, ,0, 
95452-53-2,"[(1Z)-3,3,4,4,5,5,6,6,6-Nonafluorohex-1-en-1-yl]benzene",FALSE, ,0, 
95454-42-5,"[1,1,2-Trifluoro-2-(heptafluoropropoxy)ethoxy]benzene",FALSE, ,0, 
95470-07-8,Sodium 3-[[(perfluorooctyl)sulfonyl]propylamino]propanesulfonate,FALSE, ,0, 
95508-16-0,POLY(VINYL FLUORIDE),FALSE, ,0, 
95509-81-2,"2,2,3,3-Tetrafluoropropyl difluoromethanesulfonate",FALSE, ,0, 
95540-96-8,"1-(3,3,4,4,4-Pentafluorobut-1-yn-1-yl)cyclohexan-1-ol",FALSE, ,0, 
95576-22-0,"1,1,1,2,2,3,4,4,5,5,5-Undecafluoropentane",FALSE, ,0, 
95576-24-2,"2,2-Bis(difluoromethyl)-1,1,3,3,4,4-hexafluorobutane",FALSE, ,0, 
95576-25-3,"1,1,1,2,2,5,5,6,6,6-Decafluorohexane",FALSE, ,0, 
95639-15-9,"1,1,1,2,4,5,5,6,6,7,7,7-dodecafluoro-2,4-bis(trifluoromethyl)heptan-3-one",FALSE, ,0, 
95640-78-1,"Glycine, N-(ethylsulfonyl)-N-(heptadecafluorooctyl)-, potassium salt",FALSE, ,0, 
95654-14-1,"Tris(2-methylpropyl) 3-(2,2,3,3,4,4,4-heptafluorobutanamido)propane-1,1,3-tricarboxylate",FALSE, ,0, 
95658-47-2,Pentadecafluorooctanoic acid--pyridine (1/1),FALSE, ,0, 
956790-67-3,"5,10,15,20-Tetrakis{2,3,5,6-tetrafluoro-4-[(3,3,4,4,5,5,6,6,7,7,8,8,9,9,10,10,11,11,12,12,12-
henicosafluorododecyl)sulfanyl]phenyl}porphyrin",FALSE, ,0, 
95681-08-6,"Trimethoxy(4,4,5,5,6,6,7,7,7-nonafluoroheptyl)silane",FALSE, ,0, 
95682-66-9,Piperidinium perfluorononanoate,FALSE, ,0, 
95682-67-0,Heptadecafluorononanoic acid--aniline (1/1),FALSE, ,0, 
957206-65-4,"{4-[(4,4,5,5,6,6,7,7,8,8,9,9,9-Tridecafluorononyl)oxy]phenyl}methanol",FALSE, ,0, 
957209-18-6,"2-Methoxyperfluoro(2,5-di(propan-2-yl)oxolane)",FALSE, ,0, 
957372-65-5,"1-Chloro-2-(1,1,2,2-tetrafluoroethoxy)benzene",FALSE, ,0, 
95827-25-1,"1,1,2,2,3,3,4,4,6,6,7,7,8,8,9,9,10,10,10a-Nonadecafluorodecahydropyrido[1,2-a]azepine",FALSE, ,0, 
95841-80-8,"1,1,1,5,5,6,6,10,10,10-Decafluoro-3,3,8,8-tetrakis(trifluoromethyl)-2,4,7,9-tetraoxadecane",FALSE, ,0, 
95842-02-7,"1,1,1,2,3,3-Hexafluoro-2,3-bis(trifluoromethoxy)propane",FALSE, ,0, 
95842-03-8,"1,1,1,2,3,3-Hexafluoro-2,3-bis(pentafluoroethoxy)propane",FALSE, ,0, 
958445-44-8,"Ammonium 4,8-dioxa-3H-perfluorononanoate",TRUE, CAS,1, Scout
958445-54-0,Methyl perfluoro-3-(3-methoxypropoxy)-3H-propanoate,FALSE, ,0, 
958452-23-8,"1-Bromo-3-(2,2,3,3-tetrafluoropropoxy)benzene",FALSE, ,0, 
958454-23-4,"1-Bromo-2-(2,2,3,3-tetrafluoropropoxy)benzene",FALSE, ,0, 
95851-62-0,"2,2,3,3,4,4,5,5,6,6,7,7,7-Tridecafluoro-1-[4-(2-hydroxyethyl)piperazin-1-yl]heptan-1-one--
hydrogen chloride (1/1)",FALSE, ,0, 
95881-25-7,"Phenol, 4-(pentafluoroethyl)-",FALSE, ,0, 
958822-85-0,"N-[3-(Dimethylamino)propyl]-3,3,4,4,5,5,6,6,7,7,8,8,8-tridecafluoro-N-hydroxyoctane-1-
sulfonamide",FALSE, ,0, 
958825-16-6,"4-{[(1E)-1,2,3,3,4,4,5,5,6,6,6-Undecafluorohex-1-en-1-yl]oxy}benzene-1-sulfonyl chloride",FALSE, ,0, 
958885-20-6,"(1R,2R,5S,6S)-3,3,4,4-Tetrafluoro-9-oxatricyclo[4.2.1.0~2,5~]non-7-ene",FALSE, ,0, 
95906-13-1,"3-Azido-2,3,3-trifluoro-2-(heptafluoropropoxy)propanoic acid",FALSE, ,0, 
959088-59-6,Tridecyl perfluorobutanoate,FALSE, ,0, 
959103-74-3,Undecyl perfluorobutanoate,FALSE, ,0, 
95932-53-9,"1,1,1,3,3,3-Hexafluoropropan-2-yl diethylphosphinite",FALSE, ,0, 
959462-50-1,"1,1,1,2,2,3,3,4,4,5,5,6,6,13,13,14,14,15,15,16,16,17,17,18,18,18-Hexacosafluoro-8,11-
diiodooctadecane",FALSE, ,0, 
959462-51-2,"1,1,1,2,2,3,3,4,4,5,5,6,6,15,15,16,16,17,17,18,18,19,19,20,20,20-Hexacosafluoro-8,13-
diiodoicosane",FALSE, ,0, 
959462-53-4,"1,1,1,2,2,3,3,4,4,5,5,6,6,13,13,14,14,15,15,16,16,17,17,18,18,18-Hexacosafluorooctadecane",FALSE, ,0, 
959462-54-5,"1,8-Octanediylbis-1,1'-(perfluorohexane)",FALSE, ,0, 
959462-55-6,"1,1,1,2,2,3,3,4,4,5,5,6,6,7,7,8,8,15,15,16,16,17,17,18,18,19,19,20,20,21,21,22,22,22-
Tetratriacontafluorodocosane",FALSE, ,0, 
96009-78-8,Perfluoro-1-ethyl-2-methylcyclohexane,FALSE, ,0, 
960315-48-4,"Perfluoro-n-[1,2,3,4-13C4]-octanoic acid",FALSE, ,0, 
960315-50-8,"nonadecafluoro(1,2-13C2)decanoic acid",FALSE, ,0, 
960354-19-2,"heptadecafluoro(1,2,3,4-13C4)octane-1-sulfonic acid",FALSE, ,0, 
960365-28-0,N-Ethyl-2-(pentafluoroethoxy)ethan-1-amine,FALSE, ,0, 
96145-99-2,"1H-Pyrazol-5-ol, 1-phenyl-3-(1,1,2,2-tetrafluoroethyl)-",FALSE, ,0, 
96146-02-0,3-(Nonafluorobutyl)-1-phenyl-1H-pyrazol-5-ol,FALSE, ,0, 
96146-10-0,"4-(Heptafluoropropyl)-1,3-dihydro-2H-1,5-benzodiazepin-2-one",FALSE, ,0, 
96146-12-2,"4-(Nonafluorobutyl)-1,3-dihydro-2H-1,5-benzodiazepin-2-one",FALSE, ,0, 
96195-78-7,"Iodonium, bis(4-dodecylphenyl)-, branched and linear, hexafluoroantimonate(1-)",FALSE, ,0, 
96210-33-2,"4-[(1,2,3,3,3-Pentafluoroprop-1-en-1-yl)oxy]benzoic acid",FALSE, ,0, 
96210-37-6,"1,3-Benzenedicarboxylic acid, 5-[(heptadecaﬂuorononenyl)oxy]-",FALSE, ,0, 
96231-87-7,Surflon S 381,FALSE, ,0, 
96250-35-0,"2,2,3,3,3-Pentafluoropropyl 2-fluoroprop-2-enoate",FALSE, ,0, 
96250-37-2,"2-Propenoic acid, 2-fluoro-, 2,2,3,3-tetrafluoropropyl ester",FALSE, ,0, 
96250-49-6,"2,3,3,3-Tetrafluoro-2-(heptafluoropropoxy)propyl 2-fluoroprop-2-enoate",FALSE, ,0, 
96288-51-6,"1,1,2,3,4,5,5,5-Octafluoro-1-iodo-4-(trifluoromethyl)-2-pentene",FALSE, ,0, 
96288-56-1,"Perfluoro-2,2,9,9-tetramethyldeca-3,7-diene",FALSE, ,0, 
96305-13-4,Triethoxy(heptadecafluorooctyl)silane,FALSE, ,0, 
96308-32-6,"4-(2,2,3,3,4,4,4-Heptafluorobutoxy)benzonitrile",TRUE, CAS,1, Scout
96325-94-9,"Diphenylbis(3,3,4,4,5,5,6,6,7,7,8,8,8-tridecafluorooctyl)stannane",FALSE, ,0, 
96325-96-1,"Stannane, dichlorobis(3,3,4,4,5,5,6,6,7,7,8,8,8-tridecafluorooctyl)-",FALSE, ,0, 
96325-98-3,"Tetrakis(3,3,4,4,5,5,6,6,7,7,8,8,8-tridecafluorooctyl)stannane",FALSE, ,0, 
96353-69-4,".alpha.-[2-Hydroxy-3-[.alpha.-perfluoroisopropylpoly(degree of polymerization 7- 15)(difluoromethylene)]propyl]-.omega.-methoxy-poly(degree of polymerization 1-
25)(oxyethylene)",FALSE, ,0, 
96383-55-0,((Perfluorohexyl)ethyl)-2-chloropropenoate,FALSE, ,0, 
96383-57-2,"Ethenyl 3,3,4,4,5,5,6,6,7,7,8,8,8-tridecafluorooctyl carbonate",FALSE, ,0, 
96426-90-3,"Sodium {[2-(dimethylamino)ethyl](1,1,2,2,3,3,4,4,5,5,6,6,7,7,8,8,8-heptadecafluorooctane-1-
sulfonyl)amino}acetate",FALSE, ,0, 
96513-97-2,"Ammonium 2,3,3,3-tetrafluoro-2-(nonafluorobutoxy)propanoate",FALSE, ,0, 
96569-51-6,"1,1,1-Trifluoro-4-(phenylsulfanyl)-2-(trifluoromethyl)but-3-en-2-ol",FALSE, ,0, 
96570-94-4,Germanium--tetrafluorooxirane (1/1),FALSE, ,0, 
96573-73-8,"4-[(Heptadecafluorooctyl)oxy]benzene-1,3-diamine",FALSE, ,0, 
96595-38-9,"2,2,3,3,4,4,5,5,6,6-Decafluoro-1-[2,3,4,5-tetrafluoro-6-(trifluoromethyl)phenyl]piperidine",FALSE, ,0, 
96721-81-2,2-(Nonafluorobutyl)thiophene,FALSE, ,0, 
96721-82-3,"Thiophene, 3-(heptadecafluorooctyl)-",FALSE, ,0, 
96724-20-8,Pentadecafluoroheptyl 2-methylprop-2-enoate,FALSE, ,0, 
96916-53-9,"2-bromo-3,3,4,4,5,5,5-heptafluoropent-1-ene",FALSE, ,0, 
97005-61-3,"N,N'-bis(Perfluorononanoyl)1,2-ethanediamine",FALSE, ,0, 
97041-10-6,"[(1Z)-4,4,5,5,6,6,7,7,7-Nonafluorohept-1-en-1-yl]benzene",FALSE, ,0, 
97136-02-2,"2-Propenoic acid, 2-methyl-, 2-ethylhexyl ester, polymer with α-fluoro-ω-[2-[(2-methyl-1-oxo-2-
propenyl)oxy]ethyl]poly(difluoromethylene) (9CI)",FALSE, ,0, 
97142-48-8,Hexyl perfluoroheptanoate,FALSE, ,0, 
97163-17-2,Calcium perfluoroundecanoate,FALSE, ,0, 
97168-16-6,"3,3,4,4,5,6,6-Heptafluorohex-5-en-1-ol",FALSE, ,0, 
97220-62-7,"5-{[1,1,1,4,5,5,5-Heptafluoro-3-(1,1,1,2,3,3,3-heptafluoropropan-2-yl)-4-(trifluoromethyl)pent-2-
en-2-yl]oxy}benzene-1,3-dicarboxylic acid",FALSE, ,0, 
97229-40-8,"3,4-Dichloro-3,4,4-trifluorobutan-1-ol",FALSE, ,0, 
97294-02-5,"5,5,6,6,7,7,8,8,8-Nonafluoro-2-methyloct-2-ene",FALSE, ,0, 
97298-47-0,"Cyclo-hexachloro(N-methyl-(N-(perfluorooctylsulphonyl)glycinato-
O1:O1'))dihydroxytrichromium",FALSE, ,0, 
97313-92-3,Alethine bis(trifluoroacetate),FALSE, ,0, 
97313-95-6,"Propionamide, N,N'-(dithiodiethylene)bis(2-amino-, L-, bis(trifluoroacetate)",FALSE, ,0, 
97314-12-0,"Acetamide, N,N'-(dithiodiethylene)bis(2-amino-, bis(trifluoroacetate)",FALSE, ,0, 
97331-50-5,"6-[2,4-Bis(1,1-dimethylpropyl)phenoxy]-N-[3-hydroxy-4-[(octafluoro-1-oxopentyl)amino]phenyl]
hexanamide",FALSE, ,0, 
97388-28-8,(Perfluorocyclopentyl)phenyldiazene,FALSE, ,0, 
97539-76-9,"(5E)-5,6-Perfluorodecene",FALSE, ,0, 
97539-77-0,"Z-bis(perfluoro-n-hexyl)-1,2-ethylene",FALSE, ,0, 
97553-95-2,"Thiocyanic acid, γ-ω-perfluoro-C4-20-alkyl esters",FALSE, ,0, 
97558-57-1,"(5Z)-1,1,1,2,2,3,3,4,4,7,7,8,8,9,9,10,10,10-octadecafluorodec-5-ene",FALSE, ,0, 
97571-69-2,Perfluoro-15-crown-5-ether,TRUE, CAS,2, Scout
97659-47-7,"Alkenes, C8-14 α-, δ-ω-perfluoro",FALSE, ,0, 
97745-82-9,1-(Heptafluoropropyl)-4-methoxybenzene,FALSE, ,0, 
97746-87-7,"Calcium [(perfluorooctyl)oxy]-1,3-benzenedicarboxylate",FALSE, ,0, 
97802-61-4,Perfluorodecyl dihydrogen phosphate,FALSE, ,0, 
97805-06-6,"Acetophenone, alpha-(1-chloro-2,2,3,3,4,4-hexafluorocyclobutyl)-",FALSE, ,0, 
97963-60-5,"5-(1,1,2,2-Tetrafluoroethoxy)-1,3-dihydro-2H-benzimidazole-2-thione",FALSE, ,0, 
97963-96-7,"2-[(4-Methoxypyridin-2-yl)methanesulfinyl]-6-(1,1,2,2-tetrafluoroethoxy)-1H-benzimidazole",FALSE, ,0, 
98008-06-1,Fulvestrant sulfone,TRUE, CAS,2, Scout
98010-21-0,"2,2,3,3,4,4,4-Heptafluoro-1-phenylbutyl diphenyl phosphate",FALSE, ,0, 
98046-77-6,3-(Trimethoxysilyl)propyl pentadecafluorooctanoate,FALSE, ,0, 
98151-22-5,"Bis(1H,1H,6H-perfluorohexyl)-2-sulfobutanedioate sodium salt",FALSE, ,0, 
98260-14-1,"1,1,1,4,5,6,6,6-Octafluoro-2,3,4,5-tetrakis(trifluoromethyl)hex-2-ene",FALSE, ,0, 
98296-50-5,"Difluoro(1,1,2,2-tetrafluoro-2-iodoethoxy)acetonitrile",FALSE, ,0, 
98296-51-6,"Ethyl difluoro(1,1,2,2-tetrafluoro-2-iodoethoxy)acetate",FALSE, ,0, 
98296-52-7,"2,2-Difluoro-2-(1,1,2,2-tetrafluoro-2-iodoethoxy)acetamide",FALSE, ,0, 
98296-53-8,"Difluoro(1,1,2,2-tetrafluoro-2-iodoethoxy)ethanimidamide",FALSE, ,0, 
98331-76-1,"2-Propanol, 2-[(diphenylphosphino)methyl]-1,1,1,3,3,3-hexafluoro-",FALSE, ,0, 
985-60-4,"1-phenylpiperazine; 2,2,3,3,4,4,5,5,6,6,6-undecafluorohexanoic acid",FALSE, ,0, 
98561-39-8,"Oxirane, mono[[(.beta.-.omega.-perfluoro-.omega.-hydro-C2-4-alkyl)oxy]methyl] derivs.",FALSE, ,0, 
98561-40-1,"Alcohols, C3-7, .beta.-.omega.-perfluoro-.omega.-hydro, reaction products with 3a,4,7,7a-
tetrahydro-1,3-isobenzofurandione",FALSE, ,0, 
98561-41-2,"Alcohols, C3-7, .beta.-.omega.-perfluoro-.omega.-hydro, reaction products with 3a,4,7,7a-
tetrahydromethyl-4,7-methanoisobenzofuran-1,3-dione",FALSE, ,0, 
98573-25-2,"4,4,5,5,6,6,7,7,7-Nonafluoro-2-hydroxyheptyl prop-2-enoate",FALSE, ,0, 
98640-41-6,"S-(1,1,2,2,3,3-Hexafluoropropyl)-L-cysteine",FALSE, ,0, 
98640-42-7,"N-Acetyl-S-(1,2,3,3,3-pentafluoro-1-propenyl)-L-cysteine",FALSE, ,0, 
98728-78-0,"1-Butanol, 4-(ethenyloxy)-, polymer with 1-chloro-1,2,2-trifluoroethene and ethoxyethene",FALSE, ,0, 
98789-57-2,Sodium Perfluorononanesulfonate,TRUE, CAS,2, Scout
98873-61-1,"2,3,3,3-Tetrafluoro-2-(heptafluoropropoxy)-N-(1-phenylethyl)propanamide",FALSE, ,0, 
98900-70-0,Sodium 3-{[3-(dimethylamino)propyl][(tridecafluorohexyl)sulfonyl]amino}propanoate,FALSE, ,0, 
98900-72-2,"Sodium 3-[[3-(dimethylamino)-2-hydroxypropyl][(perfluorohexyl)sulfonyl]amino]-2-hydroxy-
propanesulfonate",FALSE, ,0, 
98900-84-6,Sodium N-[3-(dimethylamino)propyl]-N-[(perfluorooctyl)sulfonyl]glycinate,FALSE, ,0, 
98973-10-5,"Propane, 1-[1-[difluoro[(1,2,2-trifluoroethenyl) oxy]methyl]-1,2,2,2-tetrafluoroethoxy]-
1,1,2,2,3,3,3-heptafluoro-, homopolymer",FALSE, ,0, 
99089-22-2,"N-tert-Butyl-2,2,3,3,4,4,4-heptafluorobutanamide",FALSE, ,0, 
99106-55-5,"2-Propenoic acid, 2-fluoro-, tetrafluoropropyl ester, homopolymer",FALSE, ,0, 
99156-01-1,Propyl perfluorononanoate,FALSE, ,0, 
992-81-4,"{Tris[(2,2,3,3,4,4,5,5,6,6,7,7-dodecafluoroheptyl)oxy]methyl}benzene",FALSE, ,0, 
99324-96-6,2-(2-Iodoethyl)perfluoropropane,FALSE, ,0, 
99324-97-7,"1,1,1,2-Tetrafluoro-6-iodo-2-(trifluoromethyl)hexane",FALSE, ,0, 
99324-98-8,"1,1,1,2,2,3,3,4,4-Nonafluoro-8-iodooctane",FALSE, ,0, 
99324-99-9,"12-Bromo-1,1,1,2,2,3,3,4,4,5,5,6,6,7,7,8,8-heptadecafluorododecane",FALSE, ,0, 
99325-08-3,"(2Z)-4,4,5,5,6,6,7,7,8,8,9,9,9-Tridecafluoro-2-iodonon-2-en-1-ol",FALSE, ,0, 
99325-17-4,"1,1,1,2,2,3,3,4,4,6,6,8,8-Tridecafluoro-8-iodooctane",FALSE, ,0, 
99338-16-6,"4,4,5,5,6,6,7,7,8,8,9,9,9-Tridecafluoro-1-phenylnonane-1,3-dione",FALSE, ,0, 
993-95-3,"(2H-Perfluoropropyl)(1H,1H-perfluoroethyl)ether",TRUE, CAS,1, Scout
99510-46-0,"Cyclopentane, octafluorobis(trifluoromethyl)-",FALSE, ,0, 
99643-24-0,"2,2,3,3-Tetrafluoro-3-iodopropanenitrile",FALSE, ,0, 
996-56-5,"1,1,2-Trifluoro-1-methoxy-2-(trifluoromethoxy)ethane",FALSE, ,0, 
99752-82-6,Perftoran,FALSE, ,0, 
99903-40-9,"1,1-Dichloro-5,5,5-trifluoro-4-(trifluoromethyl)penta-1,3-diene",FALSE, ,0, 
99903-41-0,"4-Chloro-1,1,1-trifluoro-5-methyl-2-(trifluoromethyl)hex-2-ene",FALSE, ,0, 
99903-42-1,"4,4-Diethoxy-1,1,1-trifluoro-2-(trifluoromethyl)but-2-ene",FALSE, ,0, 
99903-43-2,"Ethyl 3-(2,2-dichloroethenyl)-2,2-bis(trifluoromethyl)cyclopropane-1-carboxylate",FALSE, ,0, 
99903-44-3,"Ethyl (1R,3R)-3-(diethoxymethyl)-2,2-bis(trifluoromethyl)cyclopropane-1-carboxylate",FALSE, ,0, 
99903-46-5,"3-(2-Methylprop-1-en-1-yl)-2,2-bis(trifluoromethyl)cyclopropane-1-carboxylic acid",FALSE, ,0, 
99903-47-6,"3-Formyl-2,2-bis(trifluoromethyl)cyclopropane-1-carbonyl chloride",FALSE, ,0, 
99903-49-8,"Ethyl (1R,3S)-3-(2,2-dibromoethenyl)-2,2-bis(trifluoromethyl)cyclopropane-1-carboxylate",FALSE, ,0, 
99903-52-3,"3-(2,2-Dibromoethenyl)-2,2-bis(trifluoromethyl)cyclopropane-1-carboxylic acid",FALSE, ,0, 
99903-53-4,"Cyclopropanecarboxylic acid, 2,2-bis(trifluoromethyl)-3-(3,3,3-trifluoro-2- (trifluoromethyl)-1-
propenyl)-, trans",FALSE, ,0, 
99903-56-7,"1-Chloro-4-(3,3,3-trifluoro-2-(trifluoromethyl)prop-1-enyl)benzene",FALSE, ,0, 
99903-57-8,"2-(4-Chlorophenyl)-4,4,4-trifluoro-3-(trifluoromethyl)butanenitrile",FALSE, ,0, 
99903-58-9,"2-(4-Chlorophenyl)-4,4,4-trifluoro-3-(trifluoromethyl)butanoic acid",FALSE, ,0, 
99908-28-8,"Carbamic acid, [2-methyl-5-[[[2- [[(heptadecafluorooctyl)sulfonyl]methylamino]ethoxy]carbonyl]amino]phenyl]-, 2-
[[(heptadecafluorooctyl)sulfonyl]propylamino]ethyl ester",FALSE, ,0, 
99923-35-0,"Ethyl 3-(1-chloro-2-methylpropyl)-2,2-bis(trifluoromethyl)cyclopropane-1-carboxylate",FALSE, ,0, 
99930-55-9,"1-Hexene, 6-chloro-3,3,4,4,5,5,6,6-octafluoro-",FALSE, ,0, 
507-63-1,Perfluorooctyl iodide,TRUE, CAS,1, Scout
255831-20-0,"1,1,2,2,3,3,4,4,5,5,6,7,7,7-Tetradecafluoro-6-(trifluoromethyl)heptane-1-sulfonic acid",FALSE, ,0, 
775554-63-7,"1,1,2,2,3,3,4,5,5,6,6,7,7,7-tetradecafluoro-4-(trifluoromethyl)heptane-1-sulfonic acid",FALSE, ,0, 
740777-79-1,"1,1,2,2,3,4,4,5,5,6,6,7,7,7-tetradecafluoro-3-(trifluoromethyl)heptane-1-sulfonic acid",FALSE, ,0, 
765246-09-1,"1,1,2,3,3,4,4,5,5,6,6,7,7,7-tetradecafluoro-2-(trifluoromethyl)heptane-1-sulfonic acid",FALSE, ,0, 
950669-21-3,"1,1,2,2,3,3,5,5,6,6,6-undecafluoro-4,4-bis(trifluoromethyl)hexane-1-sulfonic acid",FALSE, ,0, 
26330-53-0,"1-Ethylsulfonyl-1,1,2,2,2-pentafluoroethane",FALSE, ,0, 
377-99-1,"1,1,3,3,4,4,5,5,5-Nonafluoro-1-pentene",FALSE, ,0, 
414896-89-2,"1,3,4,4,4-Pentafluoro-3-(trifluoromethyl)but-1-ene",FALSE, ,0, 
648-54-4,"1,1,1,2,2-Pentafluoro-3-(3-fluoropropoxy)propane",FALSE, ,0, 
87620-56-2,"2,2,3,3,4,4,5,5,6,6-Decafluorooctanoic acid",FALSE, ,0, 
913625-73-7,"2-[3,4,4,4-Tetrafluoro-3-(trifluoromethyl)butyl]-2-(3,3,3-trifluoropropyl)propanedinitrile",FALSE, ,0, 
935476-97-4,"1,1,1,5,5,6,6,6-Octafluoro-4,4-bis(trifluoromethyl)hex-2-ene",FALSE, ,0, 
139747-80-1,"1,1,2,2-Tetrafluoro-2-(trifluoromethoxy)ethanesulfonic acid",FALSE, ,0, 
